﻿/*INSERT INTO Players  VALUES
	('play1','pasw','pl@g.ua','vasya','vasya','Kiev','1980-12-12','1990-11-11'),
	('play2','pasw2','pl2@g.ua','vasya','vasya','Kiev','1982-12-12','1993-11-11'),
	('play3','pasw3','pl3@g.ua','vasya','vasya','Kiev','1983-12-12','1993-11-11');
	

	
	
	
INSERT INTO PlayersAdditionalInfo  VALUES
	('play1',50,1,1,0);
INSERT INTO PlayersAdditionalInfo  VALUES
	('play2',60,1,0,0);
INSERT INTO PlayersAdditionalInfo  VALUES
	('play3',60,1,0,0);
	
INSERT INTO Games VALUES 
	(DEFAULT,  '{"play1","play2","play3"}' , '{}' , 500 , 100 , '{}' , '1999-01-08 04:05:06');
	*/
	INSERT INTO Players  VALUES
	('player1','pwgj','h@ha.hhg','disofg','ep','a','1993-4-21','2026-12-14'),
	('player2','woi','c@nwh.c','tde','urkr','fi','1997-12-4','1992-4-18'),
	('player3','grr','sbmc@eca.r','jkaccd','k','rvu','2021-1-21','2013-9-8'),
	('player4','tktvq','ocp@mjg.a','jpw','j','qjb','2013-8-27','2000-1-15'),
	('player5','hjo','lcm@i.bva','juwia','md','lwnc','1997-11-5','2003-7-6'),
	('player6','ubt','haubd@dc.gki','iqek','ufhqt','wljat','2018-3-25','2014-12-27'),
	('player7','mrv','ge@g.g','ivumwc','ls','j','1998-9-8','2028-3-18'),
	('player8','vojvo','cmv@ala.aml','ddcb','eafvmmw','ou','2023-9-16','2009-9-21'),
	('player9','ptmon','owbib@g.rt','avfqdf','u','uevkc','2024-12-27','2005-7-6'),
	('player10','bstmt','dt@dje.ike','rg','laei','gmf','2025-3-20','2002-1-5'),
	('player11','wju','sss@r.dq','mrb','kg','hfu','2002-2-16','2022-12-24'),
	('player12','adm','socw@i.okl','bbaleev','wp','ljbch','1997-7-15','2001-3-8'),
	('player13','mkw','wb@aho.wm','a','rhn','kfahw','1996-12-18','2008-5-15'),
	('player14','tu','kip@g.wv','jgi','hgdmli','en','2000-12-20','2000-10-22'),
	('player15','k','osj@uvh.itf','omuc','akdsorb','lalu','1994-6-14','2026-2-10'),
	('player16','ol','vlut@imp.ht','aqllcvm','vvd','sa','2021-10-10','2027-11-12'),
	('player17','wttk','t@f.bu','pcbsrog','lw','ce','2006-6-3','1996-11-6'),
	('player18','fv','qgpf@f.ive','krpo','kc','a','1996-9-2','1991-5-11'),
	('player19','d','d@m.qtr','oopo','p','whmk','2023-11-21','2008-9-14'),
	('player20','ka','hm@v.f','ljrlad','tu','ddc','2000-9-23','2000-3-12'),
	('player21','jumnb','kbtl@awf.lw','qjro','hu','baun','2015-11-15','2022-3-25'),
	('player22','o','vc@ll.knc','ffc','nrs','mre','2008-8-7','1993-11-16'),
	('player23','atv','dskw@l.lue','p','imsav','pl','2007-2-21','2020-10-10'),
	('player24','h','vretw@ct.brd','go','dbrr','i','1991-9-24','2024-6-8'),
	('player25','bkuaw','sfa@w.fuf','cefov','op','kef','1996-4-27','2021-7-24'),
	('player26','a','ludp@e.u','gfhcqpj','lascuop','sbchu','2010-4-14','2011-12-11'),
	('player27','esc','vf@wo.doq','vlnhnm','ck','jsjmp','2011-7-10','1998-12-5'),
	('player28','ik','ff@rin.ok','l','ihfvm','kpdb','2024-6-15','2022-8-5'),
	('player29','r','h@w.bv','twcgql','idpljm','oj','2014-8-13','2008-5-15'),
	('player30','t','mh@f.b','to','tptsnd','rvwcn','1992-4-4','2002-6-25'),
	('player31','kje','ucbaq@j.nbj','ntjewol','nwkek','bak','2027-12-20','2007-8-25'),
	('player32','ao','ovce@nq.gn','iupvci','ce','am','2015-9-12','2018-12-15'),
	('player33','lujcv','q@pk.om','epll','qggf','pdom','2000-7-3','2024-11-12'),
	('player34','gkgh','omg@r.rv','ev','granqrf','h','1999-7-6','2028-2-1'),
	('player35','cwmm','avggl@dc.r','dgssosq','r','a','2006-3-8','2004-12-24'),
	('player36','qne','n@bmb.bh','u','a','iec','1990-4-4','2002-10-20'),
	('player37','usne','g@eg.h','jpte','eg','inhnp','1997-2-18','2009-11-22'),
	('player38','qntfo','rir@vtu.v','a','sapud','i','1997-9-13','2021-5-27'),
	('player39','mr','dilic@wt.rtp','s','mimkmet','ja','2014-2-3','2014-9-1'),
	('player40','dke','fb@ktg.gwi','ccrcql','uaws','i','2018-11-9','2029-3-3');

INSERT INTO PlayersAdditionalInfo  VALUES
	('player1','0','0','0','0'),
	('player2','0','0','0','0'),
	('player3','0','0','0','0'),
	('player4','0','0','0','0'),
	('player5','0','0','0','0'),
	('player6','0','0','0','0'),
	('player7','0','0','0','0'),
	('player8','0','0','0','0'),
	('player9','0','0','0','0'),
	('player10','0','0','0','0'),
	('player11','0','0','0','0'),
	('player12','0','0','0','0'),
	('player13','0','0','0','0'),
	('player14','0','0','0','0'),
	('player15','0','0','0','0'),
	('player16','0','0','0','0'),
	('player17','0','0','0','0'),
	('player18','0','0','0','0'),
	('player19','0','0','0','0'),
	('player20','0','0','0','0'),
	('player21','0','0','0','0'),
	('player22','0','0','0','0'),
	('player23','0','0','0','0'),
	('player24','0','0','0','0'),
	('player25','0','0','0','0'),
	('player26','0','0','0','0'),
	('player27','0','0','0','0'),
	('player28','0','0','0','0'),
	('player29','0','0','0','0'),
	('player30','0','0','0','0'),
	('player31','0','0','0','0'),
	('player32','0','0','0','0'),
	('player33','0','0','0','0'),
	('player34','0','0','0','0'),
	('player35','0','0','0','0'),
	('player36','0','0','0','0'),
	('player37','0','0','0','0'),
	('player38','0','0','0','0'),
	('player39','0','0','0','0'),
	('player40','0','0','0','0');

INSERT INTO Games  VALUES

INSERT INTO Games  VALUES
	(DEFAULT,'{"player19","player27","player18","player19","player14","player11","player25","player25","player34","player15","player8","player40","player26","player27"}','{}','300','1400','{}','2021-1-9 21:17:2');

INSERT INTO Rounds  VALUES
	(DEFAULT,'a','{"player19","player27","player18","player19","player14","player11","player25","player25","player34","player15","player8","player40","player26","player27"}','{"0","0","1","0","0","1","0","0","1","1","1","1","1","0"}','{"player19","player27","player19","player14","player25","player25","player27"}','2005-10-23 2:21:6');

INSERT INTO Rounds  VALUES
	(DEFAULT,'oigdgv','{"player19","player27","player19","player14","player25","player25","player27"}','{"1","0","0","0","1","1","1"}','{"player27","player19","player14"}','1999-1-22 22:11:53');

INSERT INTO Rounds  VALUES
	(DEFAULT,'iltgp','{"player27","player19","player14"}','{"1","0","1"}','{"player19"}','2008-4-4 7:35:27');

INSERT INTO Games  VALUES
	(DEFAULT,'{"player19","player13","player5","player25","player36","player34","player28","player17","player7","player32","player22"}','{}','300','1100','{}','2000-12-26 23:32:41');

INSERT INTO Rounds  VALUES
	(DEFAULT,'ikcoilq','{"player19","player13","player5","player25","player36","player34","player28","player17","player7","player32","player22"}','{"0","1","0","0","1","0","1","0","1","0","0"}','{"player13","player36","player28","player7"}','2002-8-10 12:57:2');

INSERT INTO Rounds  VALUES
	(DEFAULT,'jw','{"player13","player36","player28","player7"}','{"1","0","0","0"}','{"player13"}','1998-10-10 11:34:22');

INSERT INTO Games  VALUES
	(DEFAULT,'{"player13","player19","player38","player22"}','{}','300','400','{}','2017-6-4 14:20:40');

INSERT INTO Rounds  VALUES
	(DEFAULT,'jstercb','{"player13","player19","player38","player22"}','{"0","0","0","1"}','{"player22"}','2003-2-17 19:9:24');

INSERT INTO Games  VALUES
	(DEFAULT,'{"player22","player12","player20","player22","player6","player3"}','{}','300','600','{}','2028-4-2 18:52:34');

INSERT INTO Rounds  VALUES
	(DEFAULT,'hqk','{"player22","player12","player20","player22","player6","player3"}','{"0","1","0","1","1","0"}','{"player22","player20","player3"}','2007-9-6 1:49:56');

INSERT INTO Rounds  VALUES
	(DEFAULT,'udss','{"player22","player20","player3"}','{"1","0","0"}','{"player22"}','2009-12-23 9:32:44');

INSERT INTO Games  VALUES
	(DEFAULT,'{"player22","player34","player3","player5","player15","player30","player29"}','{}','300','700','{}','2026-1-18 19:10:21');

INSERT INTO Rounds  VALUES
	(DEFAULT,'bluwg','{"player22","player34","player3","player5","player15","player30","player29"}','{"1","0","1","0","0","1","0"}','{"player22","player3","player30"}','2028-7-6 1:19:28');

INSERT INTO Rounds  VALUES
	(DEFAULT,'qgvv','{"player22","player3","player30"}','{"1","1","0"}','{"player30"}','2029-8-20 15:52:57');

INSERT INTO Games  VALUES
	(DEFAULT,'{"player30","player21","player12","player14","player38","player11","player39"}','{}','300','700','{}','2010-9-5 8:16:58');

INSERT INTO Rounds  VALUES
	(DEFAULT,'bohmrp','{"player30","player21","player12","player14","player38","player11","player39"}','{"0","0","0","1","0","1","0"}','{"player14","player11"}','1994-1-8 7:29:22');

INSERT INTO Games  VALUES
	(DEFAULT,'{"player14","player11","player34","player20","player38","player23","player2","player39","player3","player9","player3","player10","player3"}','{}','300','1300','{}','1998-5-13 2:25:55');

INSERT INTO Rounds  VALUES
	(DEFAULT,'ceojpsl','{"player14","player11","player34","player20","player38","player23","player2","player39","player3","player9","player3","player10","player3"}','{"1","1","0","1","0","1","0","0","1","1","0","0","1"}','{"player34","player38","player2","player39","player3","player10"}','1997-5-1 7:30:6');

INSERT INTO Rounds  VALUES
	(DEFAULT,'mjgrmop','{"player34","player38","player2","player39","player3","player10"}','{"1","1","1","1","0","0"}','{"player3","player10"}','2020-7-23 5:1:20');

INSERT INTO Games  VALUES
	(DEFAULT,'{"player3","player10","player11","player15","player36","player5","player32","player34","player37","player23","player1","player30","player15"}','{}','300','1300','{}','2024-4-10 5:58:47');

INSERT INTO Rounds  VALUES
	(DEFAULT,'c','{"player3","player10","player11","player15","player36","player5","player32","player34","player37","player23","player1","player30","player15"}','{"1","0","0","0","1","0","0","1","1","0","0","0","0"}','{"player3","player36","player34","player37"}','2002-7-1 8:56:10');

INSERT INTO Rounds  VALUES
	(DEFAULT,'ej','{"player3","player36","player34","player37"}','{"0","1","1","0"}','{"player3","player37"}','1998-5-1 7:3:37');

INSERT INTO Games  VALUES
	(DEFAULT,'{"player3","player37","player22","player20","player6","player9"}','{}','300','600','{}','1994-11-21 11:58:54');

INSERT INTO Rounds  VALUES
	(DEFAULT,'v','{"player3","player37","player22","player20","player6","player9"}','{"0","1","0","0","0","0"}','{"player37"}','2010-6-22 7:4:57');

INSERT INTO Games  VALUES
	(DEFAULT,'{"player37","player39","player15","player36"}','{}','300','400','{}','2006-11-21 22:19:47');

INSERT INTO Rounds  VALUES
	(DEFAULT,'qriugwt','{"player37","player39","player15","player36"}','{"1","1","1","0"}','{"player36"}','1996-2-18 9:47:52');
